client_id	path	sentence	split
976b1	000039928e.mp3	এ ধরণের কার্ড নিয়ে	1.773864800809083
f83df	00005debc7.mp3	হতে উপার্জিত অর্থ	-0.2563869052473648
9813c	00009e687c.mp3	হাসির বিষয় হয়েই আছে	0.9339307965902665
7ec1c	00012843bc.mp3	সার্ক দেশগুলোতে	-1.2008837063920514
e43d4	00012880b1.mp3	সহজেই যাওয়া যায়	-0.30352425026360447
321b6	0001e9f600.mp3	সুরকার হিসেবে	1.4464667724202516
a46e2	0001ee459b.mp3	যাতে বিবাহ শাদী দিলে	1.4030396126677414
e00db	0001fd54d9.mp3	আপনার গল্প ছাড়া	-0.8766767461196892
4c555	0002656955.mp3	বিবাহ ব্যাপারটাকে নিয়ন্ত্রিত করাই	-0.09502139324185294
2ecf8	0002a04050.mp3	বীরভূম জেলা হাসপাতালে	0.10532820747819624
778c0	0002c06046.mp3	মান্নান সৈয়দের মৃত্যুর পর বেরিয়েছে	-0.4732972344283461
577fa	0002f5e8b7.mp3	পুলিশের সন্দেহ	-0.483989373125563
15a75	00030c9001.mp3	বাঙালি মধ্যবিত্তের ধর্ম	0.7319308965642293
ee4ad	0004bc46f7.mp3	রয়েছেন মুখ্যমন্ত্রী	0.2266249310916411
ac904	000549887f.mp3	তাদের হুমকি দেয়া হয়েছিল	-1.5809543363377172
7297e	000571e8eb.mp3	বিশেষ ছাড়ের ব্যবস্থা করা	-0.1801952760319845
3fce2	0005c694a1.mp3	দুপুরের রোদে	-0.13815088622827038
8a46d	000633820e.mp3	অতঃপর ১৯৬০ সালের ২৬শে জুলাই	-0.8131727955324292
65e30	00067a3bf3.mp3	আরেকটি বড় ধরনের	-0.567459394973852
7d3e1	0007ec5c58.mp3	তখন থেকেই ডাকটিকিট সংগ্রহ	0.14696412933162287
18a52	00090d52b7.mp3	মনোনয়ন বাতিলের ক্ষমতাও	0.2359198346227685
355c1	00090e7ccd.mp3	শিরোনাম আমার ছবি	1.0608345488030266
3f875	00092bb274.mp3	ঘানিটা ঘুরছে	1.7935289610619636
3f493	000970168f.mp3	বিকশিত করতে চাই	1.507904605436586
590d0	00099c95d0.mp3	ষড়যন্ত্র করবে	-0.37453562244133554
5639c	0009a72716.mp3	এই মার্কিনি বাবুর্চি	1.8830273622947034
28bb3	000a4567b4.mp3	লকার্নো আন্তর্জাতিক চলচ্চিত্র উৎসবে	0.8755439668771211
66dcd	000a50081a.mp3	সব কিছুই ঘটে চলেছে	-0.1589451029219638
a4750	000a9438d7.mp3	যার যে মূল্য প্রাপ্য	0.668931034627619
767ff	000ae4299c.mp3	জোড়ালো করতেই ওবামা	1.808467461752484
4bede	000af00d30.mp3	শুল্ক বিভাগের কর্মকর্তারা	-2.742990767191965
6dff5	000c03fe83.mp3	নাচতে হয়	0.05138993113994274
880ae	000c053da3.mp3	বিবাহ করিলেন	-0.8850879205860925
16e96	000c77a792.mp3	কিন্তু কৃষ্ণ রথের উপর	-0.3473066813178178
86b1b	000d57ddbf.mp3	তাহা লইয়া ন্যায্য	0.09858153930852824
ea5be	000dc2f08b.mp3	শাসন করত	-0.03304624127383268
e9fa7	000f852677.mp3	মনোযোগ দিয়েছে	-1.6130481952477598
0c39f	00110b32d4.mp3	এই দ্বিগুণ দাম	-0.2723029155476257
b8ed8	00112a63e8.mp3	প্রায়ই ‘এককাট্টা শ্রেণী’ হিসেবে নিয়েছেন	-0.3424972639476386
f1240	0011dc9c2f.mp3	টেলিফিল্ম, নাটক ও চলচ্চিত্রে	-0.10906260456017879
37d7e	0011edfd6e.mp3	মীর কাসেম আলীর বিরুদ্ধে	0.3732335350542897
42898	00122e09b7.mp3	সবচেয়ে দামী খাবারটি	-0.03816946029193781
e8dde	00128c7353.mp3	অথচ কোনো খবর নেই	0.2571165098912886
274ee	0012b9b651.mp3	আঙুলের নখ	0.5096438441734652
3bea8	0012fe9553.mp3	দীর্ঘ দিন	2.064224068105368
75f18	00133b44f7.mp3	শিগগিরই একটা ভালো	-0.8842492522492313
7f71c	001352d84c.mp3	দ্বিতীয় বাছাই	0.136189096072597
d3e06	0013c091de.mp3	উদাহরণস্বরূপ বলা	1.9931081730201463
ff970	0014058b5f.mp3	এছাড়াও সহিংসতায়	0.9353680259673876
1279e	001415e92d.mp3	সাজানোর জন্য	2.0462446121886355
2fc12	0014eb81c0.mp3	মনিরুজ্জামান চৌধুরীর হাতে	1.5677789990080497
e7230	00150297ca.mp3	মুশকিল আসানকারীদের প্রচারপত্রে	0.05808554466000911
323f1	001528b596.mp3	নিজেও আত্মহত্যা করেন	1.124915928375478
18460	0015b27f63.mp3	৬০০ থেকে ৮০০ মেগাওয়াট	0.325764598289087
cb627	0015eb3a5f.mp3	তাঁর এই স্বীকারোক্তি	0.1274961567702995
5dec6	0016782bd0.mp3	বাংলা উইকিপিডিয়া	-0.5727818672124065
dec2d	0017086031.mp3	একজন অন্যজনের সঙ্গে	0.7363104708992999
967fd	00171dce25.mp3	আকাশের বুকে এক জ্বলন্ত অগ্নিকুণ্ড	1.1815695549301062
ef915	00180e5568.mp3	বাংলাদেশের পুলিশ বিভাগে কর্মরত	-0.8000957754278628
420df	0018237726.mp3	গ্রেপ্তারি এড়াতে	0.9233149244187001
7351e	00185f8299.mp3	শেষ হওয়ার কথা ছিল	-2.8810823405404893
23291	0018e80698.mp3	ওদের সঙ্গে চলে না	1.4110972763092366
932bb	0019330426.mp3	আমি তোমাকে কবে গল্প দিলাম	-0.5139195542931202
3fb17	001992bbc9.mp3	প্রতিরোধের আভাস থাকলেও	0.23467997482358047
24f73	0019b7ce7f.mp3	আইন এবং রাজনীতির আবির্ভাব হলো	0.15417358824681904
64092	0019cda4ca.mp3	খাড়া পাহাড়-প্রাচীরের তলার দিকে	-0.15104507952366789
60b9d	001aef3bb2.mp3	টিনের স্যুটকেস	0.5093517993094321
f29bf	001b710504.mp3	ভারতের শতাধিক প্রেক্ষাগৃহে	-0.8574647070235489
b8bdd	001bdb23d2.mp3	মুজিবুর রহমানকেও	1.8369226726654981
91dff	001cebb990.mp3	দুটো আরামদায়ক শয়ন-কক্ষ	1.0995831227874058
5a61c	001d1c3e9b.mp3	সেপ্টেম্বর ১৩, ১৯০৪	0.7008031432718269
6a35e	001d61b062.mp3	মেনে নিলেন	-0.5470056738161946
903fa	001dd3979d.mp3	পরে দেখলাম	1.5279155069046297
12702	001dd81463.mp3	মানুষকে উদ্ধার করতে পারে	-0.7765536169574543
e2ba2	001e458443.mp3	এতে হামিদুল	-0.6387978430772352
3fc9d	001f1ac9c6.mp3	জনসংখ্যা বৃদ্ধির হার	-0.8565963334006415
3ccf1	001f3a31d1.mp3	ভূমিকা ছিল	-0.8628220274575304
98b81	001f51dfd8.mp3	৫-৬জন যুবক	0.2612707386799949
b8bf0	0020b3d755.mp3	বাণিজ্যে ধর্ম ঢুকেছে	0.07455217519199736
7d3e1	0020ce9acf.mp3	সে-ধরনের একটা কিছু	0.783828956310177
05901	002141b618.mp3	সহিংস বিক্ষোভের অনেক চিহ্ন	-0.46965268235057767
ee4ad	0022399e6d.mp3	চালানটি পাওয়া যায়	0.47116649687854767
ad050	002261ad52.mp3	থানায় মামলা করেছিলেন	0.5001816935663513
0c39f	0022ad589c.mp3	মোট দশটি খেলা খেলেছে বাংলাদেশ	-0.97092736757589
75626	00232be503.mp3	শুরু হয় বিয়ে পড়ানো	-0.4058201917208511
92f59	0023d2aed8.mp3	দগ্ধ একজন যাত্রী	-1.2381673026299174
e2ff7	00243e8222.mp3	ছেলেটি আমাকে ছেড়ে চলে যায়	-0.3305501848453074
287bd	0024cedb4a.mp3	মিঠাইগুলো আঙিনায় পড়তে	-0.9183590493718377
28dfc	0024eee6dc.mp3	গতকাল সকালে ছিল মুষলধারে বৃষ্টি	-0.17605822096084944
25696	0025ef0740.mp3	মিছিলটি ঢাকা-গাজীপুর সড়কে পেীঁছলে	0.5610307260750749
16cfb	002648db9d.mp3	সঙ্কীর্ণ পথে চলিতেছিল	0.10816024006434126
f658d	0026c78e27.mp3	জানতে চাইলেন	-0.8692873367880581
acb88	0026ceb885.mp3	সান্ধ্য কোর্স চালু করার	-0.36200417267560764
d5f7b	00291bb8a0.mp3	তিনি যা করেছেন	2.326429009140789
c11b1	00293e356f.mp3	বাসটি কিছুদূর যাওয়ার পর	-0.08408896537740221
698ff	00299fec69.mp3	এক বছরে ২ হাজার কোটি টাকা	-1.0280500656368603
9642e	0029c08f39.mp3	আমরা ধীরে ধীরে সব খোয়াইলাম	-1.2684361404953635
8c07c	0029d50ffa.mp3	জেনারেটর সরবরাহ করেছে	-0.13914946028168823
ff1c3	0029f8d64a.mp3	প্রার্থীর নিরাপত্তা	0.392635916661707
05901	002a156bec.mp3	এই ভবনে ওয়ার্ল্ড সার্ভিস	0.7131425533524977
d8c80	002a255b32.mp3	নইলে হয়ত	-0.42954444890683546
b8fe1	002a27ea9a.mp3	২০০৫ সাল থেকে তিনি	-0.18846953302686142
3c897	002ad7b2b0.mp3	বুধবার সন্ধ্যা ৬টায় শেষ হয়	-1.222973548431685
ad050	002b3e4783.mp3	৬৪ জন জেলা শিক্ষা অফিসার	-0.0669946446008134
49543	002ba897d0.mp3	হয়ত অন্যরকম মাটি পাওয়া যায়	0.6170074297824614
60b9d	002bb58eca.mp3	আজই কোন এক সময়	0.26538743575413604
b8bf0	002c1fb537.mp3	গুরুত্বপূর্ণ ভূমিকা পালন করেন	0.0985525333201127
d3e06	002c5a2ebc.mp3	আর কংগ্রেস এগিয়ে আছে	-0.44933448579857177
fb4cb	002c6d5cd7.mp3	এরশাদ শিকদার	-0.22509069690558423
e89bb	002c730f94.mp3	হাজার হাজার	0.14308275170869827
ea5be	002c8e148e.mp3	১৮৭৫ থেকে ১৯০৪	0.22528849728076197
75f18	002d3d9914.mp3	গৌরবের বীরের	-0.048136817545094815
06527	002d56ccd9.mp3	শিক্ষকরা প্রশাসনিক ভবনের সামনে	-0.8479359946887275
698ff	002e0e1af2.mp3	প্রতিমাসে পাখি বিক্রি করে	0.6130399423701354
29bab	002e9c68b7.mp3	ফর্মুলা আমরা শুধু	-0.8464135413487159
256f5	002f014586.mp3	সৌদি আরবের সোফা কারখানায়	1.3927909005797847
8a46d	002f0fd1c3.mp3	আসাদুজ্জামান মজনু	0.47717869226875187
1c618	002f303a0c.mp3	যারা স্পিকার, ডেপুটি স্পিকার	-0.7409434679998199
b52ab	002f992612.mp3	অথচ গল্পের কোথাও	-0.895132858256613
1cb75	0030199b99.mp3	ট্রেড ইউনিয়নকারী শ্রমিকদের	0.7352492134461905
e9759	0030c16f72.mp3	বিভিন্ন দেশেও দেখা যাবে	-0.8296528402426788
47e8d	0030c51a3f.mp3	জ্যাক দ্য রিপার	1.7673045002907468
4dd57	0030dff46c.mp3	মনে হলো	-0.8589685274691455
09b32	0031296899.mp3	মাতৃভাষা হিসেবে গ্রহণ করে	2.042639731729318
2ee04	003164d0a9.mp3	বহুল আলোচিত	-1.0500203671920318
16cfb	0032c25a68.mp3	সংস্কৃতি রক্ষার	-1.1895177270739836
f2097	0033d7656c.mp3	জন্মগ্রহণকারী সাবেক ক্রিকেটার	0.8901323047263169
16cfb	0034722580.mp3	১ম খণ্ড	-0.9165135255409462
acb88	00350b1301.mp3	অং সান ১৯৩৩ সালে	0.6971585335750227
16877	0035a53492.mp3	হাজার হাজার অভিযুক্ত করা হয়েছে	1.4727733766822155
8c120	0035e21fc8.mp3	চলে যেতে বাধ্য আমি	0.09929135533267403
b2a62	0035e6a686.mp3	অবরোধ মানে না	-0.5272816256050704
d2294	0035e6e6f1.mp3	সবচেয়ে বেশি প্রশংসা কুড়িয়েছেন	-0.7058165735177913
6ab59	0035eee977.mp3	সারবত্তা খুঁজতে	-0.6418170141077222
b9b98	003659c03d.mp3	হাত-মুখ ধুয়ে দেন	-0.29045586499089804
6973e	0036ad72d8.mp3	ফেলানীর পরিবারের	1.4249093898312255
0f047	0036f446bf.mp3	অবসর সময়কালের	-0.7276321538867969
b5fdc	003787a2a2.mp3	এবং অন্যদিকে শ্রম ও পুঁজির মধ্যে	1.5520795896745772
c0d65	0037b82a4a.mp3	গত বছরের	-0.43080966408052784
aa820	00385db080.mp3	হেফাজতের রক্তচক্ষুকে	0.7376931072112911
2ad74	00386d9456.mp3	আমার নাম হয় না কেন	0.0037640195373046786
68ab7	0038b1048c.mp3	সার্কাস-তাঁবুর গান বইটিতে	2.4497585865231533
a699c	0038fa4c34.mp3	রান্না শিক্ষা	0.34747313783112493
577fa	003979d55f.mp3	ওর ধপধপাইয়া হাঁটাটি	0.23412498289211037
2ee04	003a223cd5.mp3	আইন ব্যবসা	-0.18734540836176025
ba2f6	003a9bcfeb.mp3	চুলের যত্ন	-0.6193892995393709
f4ba7	003c2a04e3.mp3	স্বাধীনতা সংগ্রামে	-0.04578101229802348
db735	003c8b650c.mp3	কুরু নামে একজন	0.8336317944011086
80be1	003d78fa0e.mp3	তাদের দুজনারই মনে হল	-0.25961735351242443
7027a	003d938253.mp3	বাজারে ক্রেতাও কম	-1.532303784418398
c9c19	003e0d29ec.mp3	যখন সোলস গঠিত হয়	-0.6458947015580969
93bf3	003e1c4dc0.mp3	মেঘ হইয়া যান	1.041153607222922
54e68	003e75772d.mp3	নহিলে পরকালের কাজ হয় না	-1.0453035920108698
4164f	003e7765bc.mp3	একসাথে মিলে কাজ করে	1.0585729665634422
7aed9	003ee67280.mp3	ভেনেজুয়েলার পর্তুগুয়েসা রাজ্যের	0.670983449507109
0a87a	003f18a569.mp3	কোন শিশুই হাত তোলেনি	1.5532541220046328
06527	0040616d81.mp3	এবং দেমোফোনের ভাই	-0.5105074108953203
c5dc8	00409f26d8.mp3	দেশের সবচেয়ে সুন্দরী মেয়েকে	-0.12079141880385881
c0d65	0040c85c2b.mp3	চিহ্নিতকরণের পাশাপাশি	0.07439874440421586
32c77	0041455bc9.mp3	আগে বলল না কেন	1.4650105338861341
2ee04	0042d77b69.mp3	প্রক্রিয়া এবং এর উদ্দেশ্য নিয়ে	-1.8035655894756797
3fae0	0042e18d8e.mp3	আন্ন্যালাচা এলাকায় এ ঘটনা ঘটে	-1.1479630913096288
e03fc	0043074fc7.mp3	হিন্দু কনের পোশাকে	1.0976167681592903
79b06	004371f1d0.mp3	অ্যাপলের ওয়েবসাইট হেলথবুক নামে	0.6218565078882846
f1ff2	004385c7db.mp3	ভেবে ঠিক পায় না	0.7970148902812314
23291	0043d64997.mp3	হাত বেঁধে রাখে	-0.6995683452205116
e6e48	0043de8e52.mp3	১৯৯৯ সালে রাজধানীর অদূরে গাজীপুরের কালিয়াকৈরে প্রথম হাইটেক পার্ক স্থাপনের উদ্যোগ নেওয়া হয়।	0.4974085799711183
71522	0046449994.mp3	ফল জানা যাবে	0.1845303649905906
ea8fa	0046b6d8de.mp3	নানা রকম লোক	1.891098020333767
85430	00470f7ed5.mp3	থাকতে দেখা গেছে	1.2512216322506213
1a2a1	004777aade.mp3	যায়যায় দিন পত্রিকার	1.2898655641001546
3fce2	0047959919.mp3	তফসিল ঘোষণা করে নির্বাচন কমিশন	0.3715086455517316
f1ff2	004806eefb.mp3	গ্রাহক চাহিদা বিবেচনায় নিয়ে	1.0441074457284416
cc9fd	0048b29e83.mp3	প্রেসিডিয়ামে ঠাঁই দিয়েছিলেন	-0.9870379680306391
e3f89	0049304cfe.mp3	এই দর্শকদের মধ্যে	1.345136052444087
4c1eb	004968f941.mp3	জাতীয় স্বাস্থ্য নীতি প্রণয়ন করেছে	-0.8574699460225712
7d004	0049d136f9.mp3	সেটি একটি বড় কারণ	-0.39430264314832597
68549	004a2234f5.mp3	ভালো বন্ধুও হয়ে উঠতে পারে	-1.076491683625496
33aef	004a6fa698.mp3	আমাদের সেনা ও সেপাইরা	-0.5929369166101347
cfc65	004b54f15a.mp3	মো. জহুরুল হক তাদের	-0.21565091055232022
ff0fe	004b80d29b.mp3	সংস্কার বাস্তবায়ন কোনো মতেই	-0.7713860377384016
f89d7	004ba71ab0.mp3	৮ রাকাত	1.2283056954312814
c4973	004c00db94.mp3	হবে না	1.3701527076318787
fda1a	004c48fbd2.mp3	যথাযথ দায়িত্ব পালন করার	1.34406144860936
121bd	004c5d3b74.mp3	ইরোটিক ছবি	-0.676247597636728
88654	004c6a7fc9.mp3	খবর বলা হয়েছে	-0.18496267202709107
ce629	004d0d2f48.mp3	আরও সময় প্রয়োজন বলে	-0.3307710140042316
5e80b	004e15eccd.mp3	হয়ে পড়েছিলেন অন্তরীণ	0.06972875313337953
3fce2	004f197f13.mp3	ইহার রচনাপ্রণালী আজিকালিকার	0.7031076477171702
2c9c5	004f599cf2.mp3	একজন মহিলার বক্তব্য	1.2972845038645797
fdcba	00510dc784.mp3	লক্ষ্যভেদ করেন তিনি	-0.49375477195345874
32998	00514b8748.mp3	বিকাল ৩টা ৪৫মিনিটে	0.6649308866430658
f1240	0051c4fa19.mp3	বাড়ি থেকে বেরোতে গেলে	2.450368848023624
903fa	0053ecc424.mp3	ছোট গাড়ি	0.5685475687364215
c1e30	0053f36685.mp3	অত্যন্ত মর্মান্তিক ঘটনা	-0.3848966064190812
c463d	00540ef022.mp3	বর্ষবরণের পান্তা ইলিশ দিয়ে	-0.0037026101103584523
a8710	0054aa9ad4.mp3	যদি আপনি আপনার সম্পর্কে	0.06277722175896987
d2294	0055a3fae2.mp3	পজিশন	-0.4962684688071505
d136b	0055b26204.mp3	গাছের পাতা	-1.5815091242689685
b8bba	0055e57735.mp3	অজুহাত বলে মন্তব্য করেছেন	0.12085266678983439
932bb	0056a3d9a0.mp3	শক্ত হয়ে পড়েছে	0.3625761029665068
b8bdd	0056ccda00.mp3	দেশীয় ফোক গানের মাধ্যমেই	2.982228314159064
c958a	0056dd2a01.mp3	গান গেয়েছিলাম	-0.36256862720839816
745b7	0057005cce.mp3	সরকার বাড়িটিকে ইজারা দিয়েছে	0.4118765651173967
410fa	005754d451.mp3	হঠাৎ ছাতিপট্টিতে ঢুকে	-1.9224858784099847
82926	0057ed9147.mp3	এর ফল শুভ হয় নয়	0.2861249262841659
84145	0057f6e266.mp3	এজন্য এটি সরকারের জন্য	-0.2784195860840117
f280a	005803342a.mp3	কোনও না কোনও জোটে	-0.7532453517509561
16a17	0058c0437a.mp3	নাম অনুসারে	1.5450602011380752
32c77	0059a0f316.mp3	তাঁকে দেওয়া হয়	1.7568748538692736
f2097	0059a12d9b.mp3	কোন ব্যবস্থা নয় বলেই	0.18758058944784778
e89bb	0059ac7231.mp3	কিছু ভাবা হবেনা	0.19865926719639074
8143b	0059d5ecb7.mp3	ইতোমধ্যে ১৯৪৭ এসে পড়ায়	-2.2610391333037874
d5213	005a38ea54.mp3	অভিভাবকরা আতংকিত হয়ে পড়েন	0.16158055062677476
bbb22	005a4dd9d2.mp3	আল-কায়েদাকে নিয়ে	-0.3241926520125776
14816	005ada9bf5.mp3	নির্বাচন কমিশন নির্বাচনের তফসিল ঘোষণা করবেন।	1.5523789851132352
db735	005bc2187f.mp3	আইন শাখার	-0.29642024166718656
9813c	005c5c78d3.mp3	এখন খোঁপায় ফুল	0.22549200446540496
d7a68	005cd09a17.mp3	লিখে দিলেন	0.37480627405956113
4fd66	005dbcdcff.mp3	চুল আলতোভাবে ঘষে ঘষে	1.013717632860764
f2097	005ebfe1cb.mp3	শক্তিশালী এই ব্যাকআপ জেনারেটর	0.4148799916861798
79b06	005f1df75f.mp3	নিরাপত্তা ঝুঁকিতে থাকা	0.08702842722123423
9282d	005f57a51b.mp3	ব্যবহার করতে হলো	0.0019777182926825664
68549	005f9953d3.mp3	এটা হচ্ছে গোয়েন্দা পুলিশ বাহিনী	-0.5542179122044014
3f875	005fe05689.mp3	এখানে যে জায়গার কথা বলিতেছি	-0.410011824035966
2aecc	006060d75f.mp3	এ ছাড়াও ডজনেরও বেশি	0.7009091415554383
8b859	0060e58fd0.mp3	ফলে এ ধরনের ছেলেদেরকে	0.22028606965558048
ab946	006133c285.mp3	নিজেও খুব হাসতেন	0.5812908405074473
cf82a	006153d160.mp3	এলাকার উন্নয়নে	-1.3083794915855738
b5fdc	006196512c.mp3	জনসংখ্যা হল ৫৭৬৮২ জন	-1.7696789840853626
3fae0	00619d4527.mp3	দেবদাস	-0.53373191439177
3c897	0061a1f4a6.mp3	ভূষিত করেন	2.013103435008277
ff1eb	0062454b68.mp3	উচ্চারিত করতাম না	1.7042332350645875
b00ba	00624d6b66.mp3	বেশি জাহাজ	0.44139182788146863
dae88	0062e8be16.mp3	নিশ্চিতের পাশাপাশি	-0.0722313204803964
3ccf1	0063306c9b.mp3	এরপরই রয়েছে	0.5951897318602962
c2082	0063437eff.mp3	তুলনামূলক অল্প পরিশ্রম করে	-0.09544344703398905
75626	00638d09d0.mp3	পর্দার আড়ালের কুশীলব	0.8032950427964142
7df87	00654dda9d.mp3	আমদানিও কমেছে	-0.7380432740632108
72649	0065adf655.mp3	বিশ্ববিদ্যালয়ে এ মহাসঙ্কট	1.3506731873654791
9813c	0066088df7.mp3	তসলিমা নাসরিনের লজ্জা বই	1.0930873002154597
c6848	006695662f.mp3	তবু আমি তো	1.009680787691254
0d8c1	0066a7a5bf.mp3	সংবিধান পরিবর্তন করতে হলে	0.943725123909896
8edea	006729f9fe.mp3	সীমান্ত রক্ষী বাহিনীর মধ্যে	-1.0269695652310342
bf530	00674b228d.mp3	রিজিয়া পারভীন	1.0625320154894105
976b1	00680d0b43.mp3	পাইকারি হারে	-0.4850806550067935
194f5	006811ea42.mp3	শুভ বিবাহ	0.6368175787174898
91dff	006828b08d.mp3	আলকাউসার	1.7025070986175
95907	006843004c.mp3	তৃণমূল ঘনিষ্ঠ এই চিত্রশিল্পী	-1.1014884238370795
4f2ae	0068949d31.mp3	নন্দিতা দাস	0.13393710311061904
4ea73	00693224a4.mp3	বার্সেলোনায় অনুষ্ঠিত	0.12691025986757254
a9a58	00693c01b5.mp3	কয়েক মুহুর্তের জন্য	0.4036911227789403
91230	00695ade49.mp3	রোগবালাই না থাকায়	0.7221850512604973
903fa	0069f0703d.mp3	সংকটের দিকে ঠেলে দিচ্ছে	2.2837586998600377
bd576	006aab000c.mp3	নওমহলের দশটি	0.2475294158747376
7d004	006ade289b.mp3	পর্যটকের ভিড়	1.460798218362384
e3d8b	006b7ec7b3.mp3	সিলেটে আমিও যাব বলে	0.7361371087535516
ff1c3	006baf1a1a.mp3	পুরুষের ওপর	0.7679309870067378
66c6b	006bc72b1c.mp3	নির্বাচিত সরকারের মেয়াদ শেষে	0.32836766490632724
c5479	006c2d9c0c.mp3	বিশ্ববিদ্যালয় কর্তৃপক্ষ সিদ্ধান্ত	0.5344221963462977
47e8d	006c5dcf50.mp3	যার নাম	-0.8321376572702169
2c9c5	006c80a14c.mp3	আদায় করতে পারেনি তারা	-0.3394689196553673
98b81	006ca909d4.mp3	উপর থাকিবার ব্যবস্থা করিয়া দিল	0.08302582753777611
92bd8	006d3d6de0.mp3	মুনি ভ্রান্ত হয়	0.9559256199817947
28bb3	006d726452.mp3	সমাঝোতার কথা বলে	-0.34951951975250123
16877	006d9915ad.mp3	বিধর্মীর ঘরে	-1.0731111371392135
1279e	006dd2a62c.mp3	ছটু মণ্ডল, সুলতান	0.11923708798101186
321b6	006eb8eea7.mp3	এর কিছুদিন পরই	-0.963848129837419
c958a	006f9e4ec7.mp3	কেউ দিতে পারছে না	0.6038433624507088
239f7	006fa1a68b.mp3	এইচ এস সি	-0.1619228300285457
91223	006fc329ab.mp3	তারা দলীয়ভাবে	0.9838138428606014
29d44	007023e27b.mp3	পাঁচটি উইকেট নিয়ে	2.7210090314523314
2aecc	0070b801ae.mp3	মৃতের অতীত জীবন	0.2170165085493906
18460	0070c4476c.mp3	সমুদ্রে ভাসতে ভাসতে	-1.2017909482213913
2909b	0071323370.mp3	অধিষ্ঠিত আছেন	1.2065512686303983
58998	00719b0a48.mp3	নির্বাচিত হয়েছেন মোস্তফা কামাল	-1.8146159403074458
1e7c6	0071f5c46e.mp3	স্পিকার মীরা কুমার	0.6406751255593763
bfac7	0072149629.mp3	তারা বিক্ষোভ করেন	-0.41469837373667556
e03fc	007263c3fb.mp3	তার বাজনাটা	0.5970637039713718
65e30	00727ebc8f.mp3	স্বর্ণপদক প্রদান করা হয়	0.05944572711650123
e31e7	00728f32ca.mp3	তাই সময় নষ্ট না করে	0.6453464783101288
1f733	00729b647b.mp3	হিন্দি গান	0.5330724035131627
8143b	0072a6b23e.mp3	লয়েড ম্যাথিউসের নেতৃত্বে	-0.1919254152706325
7ee9b	007350beda.mp3	তিনি সন্তুষ্ট নন	0.8098557315887865
06ea3	0073b8f839.mp3	কালের কন্ঠ সংবাদ	0.3790395722933941
a1d4a	0073ce2ecf.mp3	শিক্ষার্থীদের হল নির্মাণ	2.494276976008765
08458	0073d6fbe7.mp3	এমন কোনও প্রমাণ নেই	-2.0202222835769987
a3a6d	0074030db5.mp3	প্রেমের উক্তি	0.702684089645691
10a9f	0074595cf9.mp3	বা আমিনুল হত্যাকাণ্ডের প্রেক্ষিতে	-1.0506022504691548
e6e48	0074cc4bab.mp3	শুধু তাই নয় অনলাইনে ভোটাররা জাতীয় পরিচয়পত্রটি স্মার্ট কার্ড নবায়ন করতেও পারবেন।	-0.622890172879088
f2780	00750889ed.mp3	গেরিলাযুদ্ধ অনেক সময়ই	0.5914040845327883
25117	00751f475c.mp3	সুনন্দার প্রশংসা করছে	0.1456746643217162
698a4	007583919f.mp3	বাবা জ্যোর্তিময় গুহঠাকুরতা	0.5937982324257152
7b900	0075a2953e.mp3	সন্তুষ্ট হতে পারেননি	-0.14813458978306865
7c272	0075d2e8f6.mp3	একটা না-ঘুম না	2.0756072036222837
420df	0075dfe22b.mp3	পরবর্তী কালে দক্ষিণ আফ্রিকায়	-0.4276904413896585
aabe7	0075fcf43c.mp3	৭/৮টি মামলা রয়েছে	-1.1734394973223123
4ea73	0076949cc3.mp3	২০০২ সালে তা এসে	0.018089078702320734
8cf95	0077098396.mp3	ছেলে আইজ রাইত এখানেই থাকবে	-0.4561509936449001
f83df	00771a5e10.mp3	মাত্র চার ঘণ্টা সূর্যের আলো	0.4813083605696096
943de	0077a85cde.mp3	তার সঠিক কোনো দিক নির্দেশনা	0.8788267265282285
0a87a	0077d47efb.mp3	তার ফাইনালেও	0.515446539425505
bcaa8	0077dacfb1.mp3	১০ম দুবাই আন্তর্জাতিক	-0.48413402736186995
5b13f	00784f6152.mp3	জেমস চকোলেট ১ প্যাকেট	-0.47659846089919156
717bb	00785d5fb1.mp3	সেখানে গেলাম	0.769038276171389
44322	00787fa6cb.mp3	মর্মস্পর্শীভাবে ফুটিয়ে তোলা হয়েছে	0.5694169765664765
b8bdd	0078ef951d.mp3	সমান সুযোগ রাখা হয়েছে	-0.029643356086526452
616ec	0078f15681.mp3	স্বরাষ্ট্রমন্ত্রী গতকাল সাংবাদিকদের জানান	-1.385750784434377
388c9	00795f0014.mp3	আকরাম আহমেদ	-0.16133355921321704
42898	0079835645.mp3	এদিকে বিদ্যুৎ বিভাগকে	0.5626939984582523
bf530	0079a6ed9c.mp3	শতাব্দীর একজন	1.2064308183716097
4c555	0079d20c6c.mp3	মুরগির খামার	1.0473253967311622
ff1eb	0079f1fa5b.mp3	প্রধানমন্ত্রী হলেন সরকারপ্রধান	0.29813220094562587
39dd0	007a4f0f7e.mp3	তারা যেন একটু হলেও	0.27047345350367913
f29bf	007b7e8078.mp3	শ্রীলঙ্কা সিরিজে	1.2886998391543794
282d3	007c5d1b3e.mp3	পল্লী সঞ্চয় ব্যাংক	-0.9061119702328686
bd576	007c6dcfc3.mp3	বধ্যভূমি থাকার বিষয়টি নিশ্চিত করে	-0.9431599625162059
f658d	007c7c7f60.mp3	শনাক্ত করতে পারবেন	0.2499406914966194
66dcd	007c7decde.mp3	চলচ্চিত্র জগতকে বিদায় জানান তিনি	0.32053713194046374
cf82a	007cb9f152.mp3	এমন প্রেক্ষাপটে বিশ্বব্যাংক বলছে	-0.4916026022811868
d1a48	007cd93701.mp3	স্পন্দিত হইতে লাগিল	1.1595925770457547
9c8dd	007d582429.mp3	পাহারারা পাথরের মূর্তি	0.9895332179316152
880ae	007d6368e3.mp3	লোক ক্ষেপেছিল কেন	-0.5389666097804904
2d78f	007d78f402.mp3	চণ্ডীদাস ও জ্ঞানদাসের	-0.824075984127625
68549	007e50f226.mp3	বাংলাদেশের সর্বোচ্চ আদালত	0.652425526008236
ca088	007ed8fdcc.mp3	টাঙ্গাইল চলে আসেন	0.27548226192415426
274ee	007f5714dd.mp3	আমি পাঠ্যবইয়ের বাইরে	-0.8087339562825265
e8dde	007f61c77a.mp3	সালোকসংশ্লেষণ বেশি হয়	-0.04398738668159524
98b81	007f8a41b1.mp3	এ জন্য ভাষা সরল	-0.5286116101938314
f1ff2	007f934d58.mp3	খবরের ভিত্তিতে	0.5715194320176823
80518	007fa8b9be.mp3	তিনি উদাহরণ টেনে বলেন	0.07344788635796962
68549	007fb55b6b.mp3	তাঁর খুড়তুতো ভাই	0.46472015182221044
9065c	008076aebb.mp3	আমি চাইছিলাম	0.5201281988790507
16a17	00813cb1cd.mp3	উঠিয়ে দেয়	0.1425753815862468
38ff0	00817e595f.mp3	নিজেদের দাপ্তরিক দায়িত্ব	0.27223426626214847
9813c	0081f664fd.mp3	বিলাই	0.07282073882813121
ff1eb	0082637907.mp3	মিজানুল ইসলাম	0.43423314450497846
06ea3	00827f109d.mp3	সুপেয় পানির জন্য	-1.2381351889622123
73629	0082a0e29c.mp3	নারায়ণগঞ্জ পুলিশের পক্ষ থেকে	0.3893094226734977
ad2a0	0082b4170c.mp3	উদ্ধারকাজের সাথে জড়িত	0.718914341750257
ff1eb	0083831812.mp3	শরীরকে না ফেললে	-1.2334813794556392
2ee04	0084780a7b.mp3	মধুসূদন, হেমচন্দ্র, নবীনচন্দ্র	0.5143590096764044
80505	00847ec5e3.mp3	কিন্তু নিজেদের ভুলেই	0.9146796683782403
bdd05	00847f5353.mp3	সেখানে বসে সে	-0.14216986504077425
256f5	0084fe444f.mp3	৫ উইকেটে	-1.4868372301332655
b8ed8	00854b6e11.mp3	দূরীকরণ ইত্যাদি	-1.6876935648588978
2556b	008554e9ba.mp3	১৯৩৬-১৯৪২	-0.06329455904151093
c958a	008564406b.mp3	হঠাৎ ভটভটির ইঞ্জিন	0.3415904069075688
2f547	0085ac8398.mp3	তেজস্ক্রিয় এবং মৌলগুলো	0.8374279075921967
a916a	0086530e90.mp3	র‌্যাম্পে যেমন নিজেকে	-1.2046993922571614
2d78f	0086c170e0.mp3	টেক	-0.3344726592643134
778c0	0086d720d8.mp3	ও নবান্ন কথনে উঠে আসে	1.0334092446813177
86b1b	00870c71df.mp3	খুদে কয়েকটা কৃত্রিম ঝরনার মতো	-0.9857092150017978
c41d8	0087de2a37.mp3	সমাজের উন্নতি, অগ্রগতি	2.32681462320824
b08d0	0088d999d2.mp3	হারকিউলিস নামের	0.07466848726301076
fd880	00890b54c7.mp3	এক রকম বাধ্যই হচ্ছেন	1.4724466796162536
77f82	00891d0cda.mp3	পরিকল্পনা করার সুযোগ আছে	1.2899703619462228
778c0	00895c276f.mp3	আমাকে বলেছিলেন	0.6103556840448497
59c73	0089856007.mp3	তারা মৃতদেহ পাননি	0.0900917023314042
1a2a1	0089c46a94.mp3	সিলেট ও ফেনীর শহীদ মিনারও	0.25369742008736706
d5f7b	008a9d1aa5.mp3	এ রকম ভয়বহ ঘটনা	0.6573462210913882
69449	008c6fc3cf.mp3	তেঁতুলের বিরুদ্ধে	-1.2060066942744887
9092b	008d230749.mp3	প্রতিনিধিত্ব করেছেন বুদ্ধদেব বসু	1.7056627597967327
d2faf	008d4bc528.mp3	তারা নিতে চাইছেন না	-0.6137376326448268
e00db	008d54b9a7.mp3	খালেদ বলেন	-0.6056230396629566
8143b	008e05ac0a.mp3	সাম্প্রতিক সময়ে সরকারী ও বেসরকারি উদ্যোগে নানা তৎপরতায় এ বিষয়ে সচেতনতা বেড়েছে অনেক।	-0.7381789037322881
16a17	008e239270.mp3	তেমনি সত্যিকার স্বদেশকে	-0.36571980112337366
4e900	008e4ef4be.mp3	৩০ লক্ষ শহীদের কসম	0.2730972014419557
bcaa8	008ec55164.mp3	হাততালি এখন খরচ করে	-1.3990056704868965
fd880	008ec9c3d6.mp3	সরকারী ভবনের দখল নিয়ে	-0.7232774136741653
c463d	008fbae2fe.mp3	আর কোনো সময়ক্ষেপণ	0.2712341489582573
9282d	0090a1be19.mp3	প্রথমবর্ষ অনার্স ভর্তি পরীক্ষা	1.3251673868210099
c6848	0090a82e84.mp3	আমার পাশের রুমে থাকে	-0.5652089433209653
acb88	0090e48809.mp3	এই ব্যবস্থা	-0.6808638800701352
fda1a	0091197397.mp3	এসিড মৃত্তিকায়	-0.8955762561464852
d2faf	009137d496.mp3	বিভিন্ন রকম	2.0197144483501512
c41d8	0091c60ef2.mp3	সংগীত পরিচালক ও কবি	2.0444007466539262
7b103	0091dec29e.mp3	নতুন করে লেখা	-0.8441334292693904
bd576	009245407b.mp3	অক্টোবরের ২১ তারিখে	-0.34036284917764076
fdcba	00925ea687.mp3	যুক্তরাজ্য ভিত্তিক আন্তর্জাতিক	0.028570706468449857
4486f	009307fe2e.mp3	সাহিত্যিক, অভিনেতা মাঝেমধ্যেই	-0.7800125514301463
274ee	0093165efa.mp3	গায়ে আগুন দিয়ে	-1.723839580246137
4bd2c	00933d8fd0.mp3	তার উপরে তীর্থস্থান	-1.0979779273195491
698ff	00935a8543.mp3	এ সময় বিশেষ অতিথি হিসেবে	-1.0508082162233885
c2082	0093a064d7.mp3	বাংলাদেশের অস্তিত্বের প্রয়োজনে	-1.4214798155037545
ce629	0093a3ec6f.mp3	সংরক্ষিত এলাকা হিসেবে	-1.452538661331494
71522	0094194234.mp3	ধরণী, ইরাবতী	0.9076606220782789
f2097	00945b504f.mp3	সারারাত ফুল ফুটে	2.075357829781345
b00ba	00949a6655.mp3	মম’র বিয়ে	2.092484493303137
6c6bf	0094c15a18.mp3	ভালবাসার লাল গোলাপ	1.9841866392674279
b08d0	0094db83e5.mp3	এ ব্যাপারে চাপ দিচ্ছে	-0.5116865128653368
92f59	00956b24c1.mp3	যথেষ্ট শ্রম	1.0427063863553083
c3cb3	00957f84a7.mp3	হলিউড কাঁপানো তারকা অভিনেত্রী	1.4726268968361333
28bb3	00959dedfc.mp3	তুলে নেয়া হয়	-0.9742818299829178
12702	0095cd088f.mp3	পেশাদার ড্রাইভিং লাইসেন্স	-0.7865875972032409
e3f89	009643ef83.mp3	পিকেটিং করে জামায়াত শিবির	-0.19828602836958664
9d7bf	009709d454.mp3	পাড়ার লোকেরা	0.6492694264267503
11de3	0097267385.mp3	এডওয়ার্ড স্নোডেন বলিভিয়া এবং অন্য কয়েকটি দক্ষিণ আমেরিকান দেশে রাজনৈতিক আশ্রয় চেয়েছেন।	0.4027269793184878
efc0d	00974bd884.mp3	হাতিয়ার	-0.1640017753875272
68549	00975c1448.mp3	২০০০ সালে বাংলাদেশকে	-0.6936593832059074
ee7b2	0097be6c1a.mp3	বিশেষ মনিটরিং সেল	-0.7212933724453128
5d12f	0097c1f559.mp3	সন্তান হারানোর	-0.31263409128473496
e6e48	009807ec64.mp3	আই কনটাক্ট করতে চাই	-0.980892632729897
321b6	00986f9973.mp3	সোনার কাটি রুপার কাটি ছিলেন	-2.0642682872921614
3bb15	0098b4e6e0.mp3	ইষ্টি আইছে	-0.05111721227967526
92bb2	0098e23fab.mp3	সংবাদ সম্মেলনে	-0.5581933129611951
7b60a	0098f0c733.mp3	গণমাধ্যমের প্রতি আহ্বান জানায় তারা	-1.1870584648730773
e754e	009938915f.mp3	কবি ও প্রাবন্ধিক রাজু আলাউদ্দিন	0.5426971123930271
e7230	0099405a35.mp3	অমনি দেখে	-0.6524942351946931
ea8fa	0099d3b201.mp3	বড় বড় মানুষের	0.1577087174365441
bf530	009b16f4b5.mp3	নিজের জীবন	-1.945451262822107
698ff	009b462e19.mp3	সরকারের কাছে না পাঠালে	-0.23016666418802137
0a7a0	009b4cde3e.mp3	আল্লাহ যা বলেছেন তাই সত্য	-0.5275487397604622
1b359	009b5ebc30.mp3	ফিরে এসেছেন	-0.14973444097551009
b08d0	009bad13dd.mp3	ইতিবৃত্ত-বিষয়ক গ্রন্থে	-1.1533457898529949
2c9c5	009bc705f5.mp3	সঙ্গীতকলা স্থাপত্যশিল্প	0.5458624804324582
8845d	009d6e8214.mp3	ভোট হবে ২৪ ফেব্রুয়ারি	0.6160865437183812
da6f0	009d700d16.mp3	পাণ্ডব-রাজ্যের পুনরুদ্ধার	0.32060681771622374
3faff	009db01a5d.mp3	সেটা ফিল্মস ডিভিশন	1.4452056641542563
4fd66	009dcc8663.mp3	আমরা এখন	-1.0148018905209373
d9081	009dd8b537.mp3	অন্য কোন বিকল্প নেই	-0.899660529972351
3bea8	009e185a61.mp3	টাকা-পয়সা নিয়ে	-0.6302028154228859
4ea73	009e193900.mp3	বেবর সাহেবের নাম	0.31218033772744713
7b103	009e6ce579.mp3	তার পরেই ঠাহর হলো	-0.4882523064127124
4a67e	009ea8d355.mp3	হ্যাঁ, গুজরাটে যা হয়েছিল	-1.5466041310908232
3f493	009ebd00c0.mp3	আমার সোনার ময়না পাখি	0.2820497453346409
a06a1	009ec330f0.mp3	উপচে পড়ছে বাড়ি	-1.5102456945649159
1b359	009f83a867.mp3	তারা আরব দেশগুলো থেকে	-0.1943754552071551
7aed9	00a0010cf8.mp3	পরমেশ্বর যদি রেগে যায়	0.7215936008332283
16a17	00a0215d51.mp3	তাদের বিরুদ্ধে তারা ব্যবস্থা নেবে	-0.44186926846082125
32998	00a0486294.mp3	কাউকে ভয় পান না তিনি	1.6257054915054
0744c	00a048efac.mp3	মাসিক পত্রিকা কিনলে	-0.7279835478631472
f837a	00a095228d.mp3	তাদেরকে উদ্ধার করে	-0.7252656035528182
f280a	00a1e54507.mp3	স্পিকার মীরা কুমারসহ	-0.5636771540623252
ba2f6	00a1fa1b3f.mp3	শেষ মূহুর্তে জানায়	-0.6760679241035437
dfefa	00a23c343e.mp3	সন্ধ্যায় একটা সিনেমা	-1.1440685439236318
7d133	00a2710ff4.mp3	ফিলিস্তিনি নেতা	-0.6515545170846833
c7a89	00a2bfd5d9.mp3	তিনি করলেন কি	1.640308193756815
239f7	00a38ace38.mp3	সভায় ফিরে এলে	0.07844358052088245
2695f	00a41053e9.mp3	খ্রীঃ পূঃ ১৩৭০ বৎসরে	1.4206498342407579
520fb	00a4640a4f.mp3	বাংলাদেশ সবচেয়ে দীর্ঘ	1.7529577305529875
e8dde	00a5258384.mp3	আমার ভালবাসা	-0.4441808593640957
e68af	00a53a0db3.mp3	আটকা পড়া একটি ডলফিন	0.17261726716876175
69d9a	00a55ac8ec.mp3	গত২৭ জানুয়ারি	0.8375249294685051
e9759	00a5a23863.mp3	"ব্রিটিশ লেবার পার্টির নেতা এড মিলিব্যান্ড বলেছেন টনি বেন ছিলেন ""আমাদের সময়ের একজন উজ্জ্বল ব্যক্তিত্ব""।"	-0.5364390588829248
a4750	00a66d3b91.mp3	তাহাতেও কৃষ্ণের নাম আছে	-0.17727011055241254
a916a	00a6849513.mp3	গলার ভেতর মরা রক্ত হয়তো	0.12063553588710897
16e96	00a68685ea.mp3	জিরাবাটা দিয়েনাড়ুন	-0.36074439428867255
880ae	00a6f15de2.mp3	গণতন্ত্রপন্থী আন্দোলনকারীদের বিরুদ্ধে	-0.20275493092856026
25117	00a7086476.mp3	আর্কাইভিস্ট মাইকেল আর্লউইন	-0.17848893996902912
2ad74	00a73f347b.mp3	কালো দাগ ছাড়া	-2.0343602910982126
491a5	00a82a5eb6.mp3	যত দ্রুত সম্ভব কাজ শুরু করাই সরকারের লক্ষ্য।	0.8673929842750914
194f5	00a905b52b.mp3	বইয়ের দোকানের সামনে গিয়ে	0.5790241078418598
616ec	00a973cfa4.mp3	এবং মি. আশরাফ ছিলেন	-0.3213006499587384
cd3ac	00a98b1032.mp3	চৈতালি বলে	1.0451082922094568
93bf3	00a9d000a0.mp3	চিমটি কাটতে হচ্ছে তার	-0.44865222940260613
ee994	00a9e11d24.mp3	তা’ কি আমি জানি না	-1.1953744777022355
64092	00a9f43f7a.mp3	গৃহকর্মীকে নির্ধারিত মজুরির চেয়ে	-2.345892683781806
ff970	00aaab00ab.mp3	কি শিশু কি যুবা	-0.4229527869672655
ced74	00abe1688c.mp3	যে বনায়ন কার্যক্রমে	0.8438545658509267
0edef	00ac675e10.mp3	কতটা বৈষম্য হ্রাস করতে পেরেছে	1.1107080891236891
e68af	00ac92a5c8.mp3	বেচে ফেলছেন	0.19666403696616352
0bace	00acc9e37c.mp3	ঘুরতে শুরু করেছিল	-0.03128551232203157
491a5	00ace6f788.mp3	নিউ ন্যাশন, মর্নিং নিউজ	-0.06481153177687607
2d78f	00ad1e9668.mp3	তারিফ না করে	0.32952294434766355
ad2a0	00adc56c5f.mp3	রাত্রে কুপি জ্বালাইয়া	-0.2420197947502006
e8dde	00ade2be95.mp3	দেখা যায় আমদানি	2.190952759530361
c463d	00ae594528.mp3	কাফরুল থানা এলাকার সেনপাড়ায় থাকেন	-1.3263148853263402
f4ba7	00aeb283e8.mp3	আজ রবিবারেও দলের মহাসচিব গিয়েছিলেন কিন্তু সেসব গ্রহণ করা হয়নি।	-0.5079839647532929
fcefa	00aeb626d9.mp3	করা ঠিক না	-0.5748816737241117
0a7a0	00aebe9d91.mp3	আগে ব্যবহার না করলে	0.5174411114168065
ab946	00aef1c405.mp3	সকালে শহরের কম্পপুরে	-0.4071375477961603
66c6b	00af816790.mp3	যে কথা উঠেছে	-0.562221475246322
ad050	00af89f97e.mp3	তাতে আমাদের তেমন আনন্দ নেই	-0.25372524550769926
0696e	00afb09dfd.mp3	যুদ্ধাপরাধ বিচার মঞ্চের	-1.1837489203249552
cb1aa	00b0c74a8c.mp3	চট্টগ্রাম এসেছিলেন	0.5444618186471676
93bf3	00b13c83e5.mp3	বাজার ঘুরে দেখা গেল	-0.3282567231907344
01e91	00b1a91838.mp3	ততটুকুই করা হয়েছে	0.23214338974168003
f837a	00b32e047d.mp3	বর্তমান রাজনৈতিক প্রেক্ষাপট দেখে	-0.5846790957126237
f6e55	00b49ae437.mp3	বৃহস্পতিবার থেকে ২৪ মার্চ পর্যন্ত	0.22838749300863892
93d3b	00b49b45bb.mp3	নাট্যকার মামুনুর রশীদ	0.6478948389221767
bd576	00b4abede7.mp3	সম্ভাবনা ও নতুন জগতের ভাবধারা	0.8717095831180381
32b3e	00b4f7dd41.mp3	আমরা অনেকক্ষণ হলো	0.9711227393154935
0bace	00b5180142.mp3	থেকেও রেহাই পেয়ে	-0.8051770594300766
121bd	00b574faaa.mp3	জাপান ও চীনের মধ্যে	0.675176899016551
ad050	00b5797f0f.mp3	পশ্চিমা দেশগুলোকে আশ্বস্ত করেন তিনি	-1.0812649460657293
cb842	00b5b60f1a.mp3	যাওয়ার মধ্যে	-1.5168605531095094
24aed	00b63139f7.mp3	সেই যে কলকাতায় ফিরে গেলেন	0.0541322785390403
321b6	00b673bd29.mp3	সব মিলিয়ে বেশ	-0.5711463296015998
bd576	00b6e012b2.mp3	উৎসব করে ঢাকা বিভাগ	-0.22675862465399488
31f2a	00b718c37b.mp3	আমার কর্ণকুহর	0.09648878881542232
194f5	00b75fc3ec.mp3	টলিউড চলচ্চিত্রে প্রদর্শিত	0.3347259114583239
c0d65	00b7a6990e.mp3	প্রচ্ছদ ও আলোকচিত্র	-0.2298843313918638
1e7c6	00b7c616f6.mp3	সম্মেলনের সাফল্যকে ইতোমধ্যে প্রশ্নবিদ্ধ করেছে	0.32741213984077927
778c0	00b95717f6.mp3	এই কাজ পরিত্যক্ত হয়	-0.022158586022320598
a274b	00b96832dd.mp3	সারা বিশ্বে এক নম্বর	-0.267117809434817
ec91c	00ba8cb4d1.mp3	সিদ্ধান্তগুলো কি আদৌ	0.004380336835791255
3b1f7	00bb2abf2b.mp3	রাজধানী পেরিয়ে	2.0580206666703695
46da4	00bb8ae812.mp3	মুক্তির কোনো কথা তাঁর সাহিত্যকর্মে	2.0415692364275224
9642e	00bcfabb00.mp3	সহায়তা না পাওয়ায়	0.15640566114505264
3b1f7	00bd010e3d.mp3	চূড়ান্ত করতে	-1.2937907999136549
4a918	00bd5402ad.mp3	আরও জানতে অপেক্ষা করতে হবে	1.4425847128894362
f0f95	00bdd8bf21.mp3	গড়ে তোলার	1.2679172349778671
73629	00be8966cf.mp3	মির্জা ফখরুল	0.47670141527446397
14d25	00bf0d5a13.mp3	লেখকের জন্যে	-0.2849997415345492
fb4cb	00c006080f.mp3	পরীক্ষায় সফল হওয়ার পর	-0.40672950256365686
e00db	00c156b05a.mp3	সমকালীন দৃষ্টিভঙ্গি’তে	1.4690001980568346
256f5	00c182d6f9.mp3	বায়ুর বিশেষ পরিচয়	0.9141112334721986
3c897	00c19393f9.mp3	৬৭তম মিনিটে	-0.07063976811013581
3f875	00c1968989.mp3	আন্দোলনে একাত্মতা ঘোষণা করে	0.6758395289794241
0696e	00c235f8f3.mp3	দেবশ্রী রায়	0.9794198028718984
698a4	00c28cd71c.mp3	বাঙালি স্বাধীনতা সংগ্রামের	-2.1290682415595867
dae88	00c29004bc.mp3	আসর পরিবেশন করেছেন	-1.8004451531816552
ac0df	00c2a7235b.mp3	এক বছর পরও	-0.9262025139201416
0c39f	00c347a1ec.mp3	হাটে বাজারে স্পেনীয় ভাষাতেই	0.6918193245596681
2695f	00c45fd7e1.mp3	আমাদের রবিশস্যের	-0.7964398099703995
acb88	00c4df71db.mp3	তখন অজস্র জ্যোৎস্না	0.31918760849453215
eb179	00c518844c.mp3	নয়টি চেকপয়েন্টের নিয়ন্ত্রণ	-1.3804622261508135
195f7	00c53eb006.mp3	মেয়েদের বেলায়	1.2086403454608057
3fb17	00c57ae088.mp3	সম্পূর্ণ অমনোযোগী	2.1721230372906803
d5f7b	00c5d597e3.mp3	ড্রেসডেন শহরে	0.674584670838398
d136b	00c644a12b.mp3	ধরা যাক পায়ের আঙুলে	0.8703320438858391
75626	00c65af965.mp3	মামলা করার বিধান রয়েছে	1.292878486525171
2d98b	00c7798736.mp3	লিপিবদ্ধ করে আসছে	1.433278626223169
a06a1	00c801d2d7.mp3	সুকান্তের ঘোষণা, ইতিহাস	1.2703639551869392
c7705	00c80e54e3.mp3	জনমত গড়ে তুলেছেন	0.5458747323141125
0a87a	00c84241d9.mp3	সেই বিশাল পরিকল্পনা তাঁকে	-0.03455128928705841
d71a3	00c9353520.mp3	এ সিদ্ধান্ত হয়	1.3421828238978086
29f8c	00c9965110.mp3	দুইটি প্রাণী গলুইয়ে বসিয়া	0.17219683759097898
29f8c	00c9b2c087.mp3	অনেক মূল্যের বিনিময়ে	0.8470289761086172
b9122	00ca2fc41a.mp3	তুর্কি সংস্কৃতি ও তুর্কি পাণ্ডিত্যের বিষয়ে	-1.592959222317218
f29bf	00ca39afae.mp3	স্যাম মেন্ডেস পরিচালিত	-0.15932849248733955
b52ab	00ca48af48.mp3	বুয়েট ক্যাম্পাসে নেয়া হয়	1.211495844800852
80518	00ca55e0f3.mp3	যা ২০০৩ থেকে ২০০৯ পর্যন্ত	1.03174047487791
4f450	00ca7c33c5.mp3	কোতোয়ালি থানার উপ-পরিদর্শক	-0.8757366783225855
2556b	00cad84968.mp3	জুলাই, ১৯০৬ সালে	0.10550065115474046
6fb36	00cbe1e536.mp3	একটা খারাপ বছর	0.7850853945730811
2b883	00cc0117b7.mp3	এটাও জানিয়ে দিয়েছেন	0.24501566451850912
05901	00cc37b03e.mp3	অসমীয়া জাতির	-0.25891523815920214
91223	00cc627edb.mp3	শনিবার জর্দান সফরের মধ্য দিয়ে	0.28189827708511306
d9b11	00cd383a36.mp3	ক্ষুধা বাড়িতে লাগিল	-1.728139006850039
11bd2	00ce1e85f3.mp3	দেশের একটি জাতীয় দৈনিকের	0.5305523231961459
ee7b2	00ceca350e.mp3	একজন যুবক বলছেন	-1.464164000778566
195f7	00cef758f3.mp3	বাংলাদেশের শেষ ম্যাচের দিনে	-0.4517614913138227
3faff	00cf10e539.mp3	ডুবন্ত লঞ্চটির অল্প অংশ	1.8449999203732144
3ccf1	00cf2405cc.mp3	আইনশৃঙ্খলা রক্ষায়	0.05901058580425265
880ae	00cfd45a79.mp3	ধারণা করছে রানা	0.40848303014910065
86b1b	00d060275c.mp3	বোমা হামলার খবর আসছে	2.070301404417843
b8bdd	00d0ab8769.mp3	আমার ভাই	1.7323787455949435
089ef	00d1268fe9.mp3	এই জালিয়াতিতে সক্রিয় দেখা গেছে	-0.6873449647581901
c3cb3	00d14506d0.mp3	মিশরের এই মহারানির	-0.02286748609938619
d2294	00d152a588.mp3	বিলটি পাসের দৃশ্য	0.8311260646072404
ce775	00d1a372b6.mp3	অল্প কিছু বিরল ব্যতিক্রম বাদে	0.8347909999874508
07660	00d1a868ea.mp3	ধকল কাটাতে	-1.5511745742754754
92bd8	00d1e01614.mp3	নাট্যমন্দির ছেড়ে	2.3759488418725416
ad050	00d1ef9bd5.mp3	শিল্পী আঁখি আলমগীর	0.9903526159245253
9092b	00d2946b69.mp3	দেশি	-1.2281195149998405
9e923	00d2d034ec.mp3	কিন্তু রাতের ঝড়ে	-0.06393158967144479
1c618	00d2fc246c.mp3	সমস্ত জিনিস	1.9284706559542495
3c897	00d2fd2b72.mp3	মাথা	-0.9023074408121383
b9122	00d2fdaa7f.mp3	ডাকাতি বা পূর্ব-শত্রুতার	-1.533541812793207
745b7	00d3498093.mp3	দাঁড়াতে পারছিলাম না	0.7399141795697681
0d4cb	00d3bf4412.mp3	সংগীত পরিবেশন করেন	0.6526114480744223
58998	00d46fac05.mp3	লাশ দুটি মর্গে রয়েছে	0.41837972209476676
ee7b2	00d4be2b52.mp3	এ ঘটনার জের ধরে	0.049164194365447986
ec91c	00d5b15b7c.mp3	ডাকা অভিমুখে লংমার্চ শুরু করবেন	1.7705281780855808
95907	00d5e49387.mp3	এই প্রশ্নগুলো	-0.19552280500213795
ca831	00d5ee6f76.mp3	তার বন্দী খোঁপা কাঁধের ওপর	-0.07791154965408234
bdfc1	00d5f85d95.mp3	পালিয়ে গেছে	-0.777654979247585
2fc12	00d65808d5.mp3	এর সাফল্যের উপর	0.49565476034042544
60b9d	00d6ca84b4.mp3	সেদিকে নজর দিতে হবে	0.7221815795686564
e6d83	00d6eaa2a5.mp3	নজরে পড়েন তিনি	-0.8385588540428304
f6e55	00d79e7353.mp3	ব্রিটিশ ও পাকিস্তানের বিরুদ্ধে	0.7650492485868335
577fa	00d7b7a1df.mp3	যিনি একটি কার্যকর নৌবাহিনী	0.10765795183208186
5cb47	00d7fc5ad2.mp3	যতদিন আমাকে না দিচ্ছে	0.7065762551941315
7027a	00d91140fb.mp3	ছেলেটির বয়স বছর চারেক	-0.9398977758895806
bcaa8	00d9857251.mp3	তোমাদের আমি সেই যুগের কথা	-0.47347135302649823
e03ce	00d9922748.mp3	আন্তর্জাতিক ভাষা দিবস	-0.726877032295143
1f733	00da2db85d.mp3	নির্ধারিত রাইডসে চড়তে	-0.05932551483636107
698ff	00daa99220.mp3	পেশায় আইনজীবী	1.4439282694174498
ca088	00db454e59.mp3	প্রাকৃতিক নিয়মে প্রতিদিন	-0.9861422384682715
efc0d	00db6e123e.mp3	ছুটির সিদ্ধান্ত	-2.1755113862084072
e50f1	00dbcaeea9.mp3	অ্যাডভোকেট জয়নাল আবেদীন বলেন	2.1867977518239012
ba2f6	00dcbeb27e.mp3	এক বেদনাবিধুর প্রেম কাহিনী	-1.6769089206059886
10a9f	00dccd631f.mp3	এক পারিবারিক মণ্ডলে	-1.2948978927682513
b8bba	00dd284cfa.mp3	অসংখ্য জনপ্রিয় গান	-1.2076485531627597
38d3a	00dda04ca3.mp3	থলের ভিতর	-1.0692017542532866
f600a	00dded2e8a.mp3	যোদ্ধা	-1.4647708015863088
9d46f	00de9e28ea.mp3	জন্ম ও বেড়ে ওঠা	0.3263331550615021
442b7	00de9ede68.mp3	দুই দিনের মধ্যেই	1.0474806413421047
2d98b	00dee0988e.mp3	আমি তাকে বিয়ে করার	-0.16657506845470338
d7a68	00df6e05f2.mp3	বাংলাদেশের সাম্প্রতিক নির্বাচনের পর	-1.2513632129425993
33aef	00dfbd08e0.mp3	বাংলা ছোট গল্প	1.2708888505724192
4f2ae	00dff0c787.mp3	দ্বিতীয় বিশ্বযুদ্ধের পর আদিবাসী জনগণের নিরাপত্তার জন্য জাতিসংঘ ১৯৫৭ সালে আইএলও ১০৭ প্রণয়ন করে।	-0.906409890236634
2ac82	00e049a7e0.mp3	শীর্ষ সন্ত্রাসীদের তালিকা	-0.2536024560823074
577fa	00e15cf313.mp3	সন্ধ্যায় পুলিশ এল গ্রামে	0.14802331430430257
a46e2	00e1953700.mp3	তাকে বিক্রি করে দিতে পারে দলটি	-0.8594976818209177
9092b	00e1b72052.mp3	দুঃখ প্রকাশ করে যশরাজ ফিল্মস	0.05830701386828784
cc18a	00e1c4c2c0.mp3	চিনি দিয়ে রান্না করুন	-0.3266170676558549
f89d7	00e1f2f586.mp3	৪ অক্টোবর	-1.0457871494372886
12702	00e1f82cf1.mp3	অন্ধ হয়ে পড়েন	-0.9838790681856934
274ee	00e20f30d3.mp3	অন্যান্য কারণের মধ্যে	0.44717966232964257
0a7a0	00e328ee10.mp3	মাসের পারফরমেন্স নিয়ে যখন	-0.8384604094553768
fcc89	00e371c3ef.mp3	তাকে পার্সেলটি নিতে পাঠিয়েছিল	-1.5984107730903774
68549	00e37d62b8.mp3	বাংলার শিক্ষক হয়ে	0.6519489299282225
65652	00e43366aa.mp3	সীমান্তের নো-ম্যানস ল্যান্ডে	-1.9225731173009302
92bb2	00e471b1f8.mp3	বাংলাদেশ সংলাপের বিশেষত্ব	0.7706314135204176
d2355	00e4df5939.mp3	বার্সেলোনার গোলমুখে	-1.827625889829522
5dec6	00e5463680.mp3	এই আকস্মিক বইটির	-0.15380528312222289
430b2	00e57b39be.mp3	হয়রানি না করার নির্দেশ দেয়	-0.11445292536721892
ced74	00e5cb6ba4.mp3	অন্যদিকে একাত্তর থেকে শুরু করে	-0.9907081245541233
3c897	00e649f2f1.mp3	একটু ভড়কে যায়	-0.5499493666008578
25696	00e65f47e7.mp3	রাজপথের আন্দোলনে	-1.8461970846668043
11bd2	00e66d007a.mp3	যাত্রীরা অভিযোগ করেছেন	0.2675847159136698
e9589	00e6be32e4.mp3	নরেন্দ্র মোদীর জীবনী	-0.05422867974068626
3bb15	00e7daee57.mp3	এটি বিদ্রোহী কবি	0.7112244925814982
3fce2	00e7f558ea.mp3	খবর নিয়ে জানা গেল	-1.870437709616238
31f09	00e8207d57.mp3	উলঙ্গভাবে বসে আছি আমি	-1.137962405040492
8143b	00e849913a.mp3	তিয়াত্তর হওয়া	0.97001772908729
e3f89	00e8bacd16.mp3	কলা কুশলীরা	0.17060250803076973
0895a	00e8de8fdf.mp3	১৩২ রানে পিছিয়ে আছে	-0.38910838983407714
ce180	00e91af105.mp3	নৌকায়, না সাঁকো বেঁধে	-0.8972310548437938
6aac8	00e94885c5.mp3	১৬ই মে তার বিরুদ্ধে	-0.3236794957194317
82926	00e99b019c.mp3	একসময় মুঘল দরবার	-0.8376290326451363
717bb	00eb1979ac.mp3	বড় বড় গোঁফ	-2.266117561117812
7d3e1	00eb900e81.mp3	তখন কি দাঁড়াবে	0.9146225263622012
08458	00ebb2dbd5.mp3	থাকার জন্যই তো	0.23820877982117716
d82d9	00ed590fd5.mp3	খিচুড়ি দেওয়া হচ্ছিল	-0.5090423875702075
38d3a	00ed6adfe7.mp3	দুজন প্রায়ই	0.3684774065446197
8c120	00ed72e9e1.mp3	ভারতসাগর কবজায় নেয়ার	0.3381516753366756
fd880	00eed11873.mp3	ফায়ার সার্ভিসে খবর দিলে	1.0243102193522438
92bd8	00ef784911.mp3	সঙ্গে ছিলেন তার স্ত্রী	0.8143360822285919
2fc12	00f00313ff.mp3	মূলত মাংস দিয়ে তৈরি	-0.5681536018055715
3bb15	00f04dc81b.mp3	তারা প্রাতিষ্ঠানিক	-0.3895653970636506
b2a62	00f0522079.mp3	গাল বেয়ে	-0.38450585892907113
bdd05	00f1cb8885.mp3	মুহূর্তের মধ্যে জানা যাবে	0.8823627819901059
554fe	00f1f81f0c.mp3	চর গুলগুলিয়া গ্রামে	0.0463321878191685
93080	00f2f06892.mp3	ডিপিডিসির ব্যবস্থাপনা পরিচালক	-0.49362075959031576
82926	00f33d5682.mp3	আলাদা আলাদা ভাবে	-2.0639331998679085
315e9	00f42bac99.mp3	ডিবির লোকেরা আমাকে	-1.8859863094803317
8cf95	00f56ae101.mp3	আমরা দেখেছি যে	0.3554521140563668
7b132	00f60b4727.mp3	যুক্তি দিয়ে	-0.4659506469034692
a1201	00f670c03e.mp3	এসময় ছিনতাইকারীরা	-1.5828950370300037
c1e30	00f75bd35d.mp3	ভেবে ঠিক পায় না	0.3632363837657332
0b7ca	00f8ecf59f.mp3	বনে বনে	-0.31468763767136876
a1201	00faace898.mp3	আপনার দান মনে করিয়া	1.0187917964937279
7f2ef	00fadd66c7.mp3	সমস্ত কাগজ	-1.1836675599226583
bd576	00fb1a936c.mp3	বাঁ পায়ের ভলিতে	-0.5362001177533654
153c9	00fb55e27a.mp3	বাংলাদেশে প্রেক্ষাগৃহ ছিল	-0.8839500919306327
2ac82	00fb61e94f.mp3	আপেল	-2.0006626854245106
0e637	00fc5d6d19.mp3	বর্ণনা পাওয়া যায়	0.8310499259473096
239f7	00fc8396e2.mp3	মন্ত্রীদের মুখের	-0.8654851605454335
9d398	00fd33f477.mp3	র‌্যাব কর্মকর্তাকে গ্রেপ্তারের বিষয়ে	0.45691133899193104
68549	00fd80b5a1.mp3	ধ্যান-জ্ঞান করে আসছি	0.6738847670961893
7df87	00fefe869d.mp3	পরিবেশন করেছেন	1.902768173278553
